<?xml version="1.0" encoding="UTF-8"?><!DOCTYPE article_set SYSTEM "s1.dtd"><article_set dtd_version="4.28.6"><article export_date="2024-07-26 00:00:00.0" external_id="" lang="EN" ms_no="rsif-2024-0148.R3" rev="3"><journal><publisher_name>Journal of the Royal Society Interface</publisher_name><full_journal_title>Journal of the Royal Society Interface</full_journal_title><site_short_name>jrsi</site_short_name><journal_abbreviation>rsif</journal_abbreviation><pubmed_abbreviation/><issn issn_type="print">1742-5689</issn><issn issn_type="digital">1742-5662</issn></journal><replaces/><article_status decision_status="accept">Accepted</article_status><article_title>A rapid-response soft end effector inspired by the hummingbird beak</article_title><article_sub_title/><vernacular_title/><author_list><author auth_URL="" author_seq="1" corr="true" user_id="93140323"><salutation>Dr</salutation><first_name>Jiajia</first_name><middle_name/><last_name>Shen</last_name><suffix/><degree/><email addr_type="primary">j.shen@bristol.ac.uk</email><email addr_type="secondary">cceajjshen@gmail.com</email><credit_taxonomy_role_list role_content_type="http://credit.casrai.org/"><credit_taxonomy_role contrib_id="8b73531f-db56-4914-9502-4cc4d4d8ed73">Conceptualization</credit_taxonomy_role><credit_taxonomy_role contrib_id="f93e0f44-f2a4-4ea1-824a-4e0853b05c9d">Data curation</credit_taxonomy_role><credit_taxonomy_role contrib_id="95394cbd-4dc8-4735-b589-7e5f9e622b3f">Formal analysis</credit_taxonomy_role><credit_taxonomy_role contrib_id="95394cbd-4dc8-4735-b589-7e5f9e622b3f">Funding acquisition</credit_taxonomy_role><credit_taxonomy_role contrib_id="2451924d-425e-4778-9f4c-36c848ca70c2">Investigation</credit_taxonomy_role><credit_taxonomy_role contrib_id="f21e2be9-4e38-4ab7-8691-d6f72d5d5843">Methodology</credit_taxonomy_role><credit_taxonomy_role contrib_id="a693fe76-ea33-49ad-9dcc-5e4f3ac5f938">Project administration</credit_taxonomy_role><credit_taxonomy_role contrib_id="ebd781f0-bf79-492c-ac21-b31b9c3c990c">Resources</credit_taxonomy_role><credit_taxonomy_role contrib_id="f89c5233-01b0-4778-93e9-cc7d107aa2c8">Software</credit_taxonomy_role><credit_taxonomy_role contrib_id="0c8ca7d4-06ad-4527-9cea-a8801fcb8746">Supervision</credit_taxonomy_role><credit_taxonomy_role contrib_id="4b1bf348-faf2-4fc4-bd66-4cd3a84b9d44">Validation</credit_taxonomy_role><credit_taxonomy_role contrib_id="76b9d56a-e430-4e0a-84c9-59c11be343ae">Visualization</credit_taxonomy_role><credit_taxonomy_role contrib_id="43ebbd94-98b4-42f1-866b-c930cef228ca">Writing – original draft</credit_taxonomy_role></credit_taxonomy_role_list><comments/><orcid>0000-0003-2763-1147</orcid><orcid_id_validation>TRUE</orcid_id_validation><orcid_token_type>bearer</orcid_token_type><orcid_token_scope>[/authenticate, /read-limited, /activities/update, /person/update]</orcid_token_scope><orcid_token_expires_in>631138518</orcid_token_expires_in><affiliation seq="1"><inst>University of Bristol</inst><institution_id institution_id_type="Ringgold">1980</institution_id><dept>Aerospace Engineering</dept><person_title/><room/><addr1/><addr2/><addr3/><city>Bristol</city><province/><country country_code="GB">United Kingdom of Great Britain and Northern Ireland</country><post_code/><phone/><fax/></affiliation><affiliation seq="2"><inst>University of Exeter</inst><institution_id institution_id_type="Ringgold">3286</institution_id><dept>Engineering</dept><person_title/><room/><addr1/><addr2/><addr3/><city>Exeter</city><province/><country country_code="GB">United Kingdom of Great Britain and Northern Ireland</country><post_code/><phone/><fax/></affiliation><profile_affiliation><inst>University of Bristol</inst><institution_id institution_id_type="Ringgold">1980</institution_id><dept>Aerospace Engineering</dept><person_title/><room/><addr1/><addr2/><addr3/><city>Bristol</city><province/><country country_code="GB">United Kingdom of Great Britain and Northern Ireland</country><post_code/><phone/><fax/></profile_affiliation><current_profile_affiliation><inst>University of Bristol</inst><institution_id institution_id_type="Ringgold">1980</institution_id><dept>Aerospace Engineering</dept><person_title/><room/><addr1>BCI main office </addr1><addr2>Queens Building</addr2><addr3/><city>Bristol</city><province/><country country_code="GB">United Kingdom of Great Britain and Northern Ireland</country><post_code>BS8 1QU</post_code><phone/><fax/></current_profile_affiliation><galleyDeliveryType/></author><author auth_URL="" author_seq="2" corr="false" user_id="117138636"><salutation>Dr</salutation><first_name>Martin</first_name><middle_name/><last_name>Garrad</last_name><suffix/><degree/><email addr_type="primary">m.garrad@bristol.ac.uk</email><credit_taxonomy_role_list role_content_type="http://credit.casrai.org/"><credit_taxonomy_role contrib_id="f93e0f44-f2a4-4ea1-824a-4e0853b05c9d">Data curation</credit_taxonomy_role><credit_taxonomy_role contrib_id="2451924d-425e-4778-9f4c-36c848ca70c2">Investigation</credit_taxonomy_role><credit_taxonomy_role contrib_id="f21e2be9-4e38-4ab7-8691-d6f72d5d5843">Methodology</credit_taxonomy_role><credit_taxonomy_role contrib_id="ebd781f0-bf79-492c-ac21-b31b9c3c990c">Resources</credit_taxonomy_role><credit_taxonomy_role contrib_id="d3aead86-f2a2-47f7-bb99-79de6421164d">Writing – review &amp; editing</credit_taxonomy_role></credit_taxonomy_role_list><comments/><affiliation seq="1"><inst>University of Bristol</inst><institution_id institution_id_type="Ringgold">1980</institution_id><dept>School of Engineering Mathematics and Technology</dept><person_title/><room/><addr1/><addr2/><addr3/><city>Bristol</city><province/><country country_code="GB">United Kingdom of Great Britain and Northern Ireland</country><post_code/><phone/><fax/></affiliation><profile_affiliation><inst>University of Bristol</inst><institution_id institution_id_type="Ringgold">1980</institution_id><dept>School of Engineering Mathematics and Technology</dept><person_title/><room/><addr1/><addr2/><addr3/><city>Bristol</city><province/><country country_code="GB">United Kingdom of Great Britain and Northern Ireland</country><post_code/><phone/><fax/></profile_affiliation><current_profile_affiliation><inst>University of Bristol</inst><institution_id institution_id_type="Ringgold">1980</institution_id><dept>School of Engineering Mathematics and Technology</dept><person_title/><room/><addr1/><addr2/><addr3/><city>Bristol</city><province/><country country_code="GB">United Kingdom of Great Britain and Northern Ireland</country><post_code/><phone/><fax/></current_profile_affiliation><galleyDeliveryType/></author><author auth_URL="" author_seq="3" corr="false" user_id="117138708"><salutation>Dr</salutation><first_name>Qicheng</first_name><middle_name/><last_name>Zhang</last_name><suffix/><degree/><email addr_type="primary">qicheng.zhang@bristol.ac.uk</email><credit_taxonomy_role_list role_content_type="http://credit.casrai.org/"><credit_taxonomy_role contrib_id="f93e0f44-f2a4-4ea1-824a-4e0853b05c9d">Data curation</credit_taxonomy_role><credit_taxonomy_role contrib_id="ebd781f0-bf79-492c-ac21-b31b9c3c990c">Resources</credit_taxonomy_role></credit_taxonomy_role_list><comments/><affiliation seq="1"><inst>University of Bristol</inst><institution_id institution_id_type="Ringgold">1980</institution_id><dept/><person_title/><room/><addr1/><addr2/><addr3/><city>Bristol</city><province/><country country_code="GB">United Kingdom of Great Britain and Northern Ireland</country><post_code/><phone/><fax/></affiliation><profile_affiliation><inst>University of Bristol</inst><institution_id institution_id_type="Ringgold">1980</institution_id><dept/><person_title/><room/><addr1/><addr2/><addr3/><city>Bristol</city><province/><country country_code="GB">United Kingdom of Great Britain and Northern Ireland</country><post_code/><phone/><fax/></profile_affiliation><current_profile_affiliation><inst>University of Bristol</inst><institution_id institution_id_type="Ringgold">1980</institution_id><dept/><person_title/><room/><addr1/><addr2/><addr3/><city>Bristol</city><province/><country country_code="GB">United Kingdom of Great Britain and Northern Ireland</country><post_code/><phone/><fax/></current_profile_affiliation><galleyDeliveryType/></author><author auth_URL="" author_seq="4" corr="false" user_id="117138857"><salutation>Mr</salutation><first_name>Vico</first_name><middle_name>Chun Hei</middle_name><last_name>Wong</last_name><suffix/><degree>MSc</degree><email addr_type="primary">vico-wong@outlook.com</email><credit_taxonomy_role_list role_content_type="http://credit.casrai.org/"><credit_taxonomy_role contrib_id="f93e0f44-f2a4-4ea1-824a-4e0853b05c9d">Data curation</credit_taxonomy_role><credit_taxonomy_role contrib_id="95394cbd-4dc8-4735-b589-7e5f9e622b3f">Formal analysis</credit_taxonomy_role><credit_taxonomy_role contrib_id="2451924d-425e-4778-9f4c-36c848ca70c2">Investigation</credit_taxonomy_role><credit_taxonomy_role contrib_id="f89c5233-01b0-4778-93e9-cc7d107aa2c8">Software</credit_taxonomy_role></credit_taxonomy_role_list><attr_type id="7257" name="We very occasionally send relevant emails relating to the Royal Society and/or its journal content. If you do not wish to receive this email content, please indicate that preference here."><attribute id="7702581" name="No, thank you.">selected</attribute></attr_type><attr_type id="7097" name="Subject Areas"><attribute id="13372308" name="CROSS-DISCIPLINARY SCIENCES"/><attribute id="13372315" name="Bioengineering" parent_id="13372308">selected</attribute><attribute id="13372308" name="CROSS-DISCIPLINARY SCIENCES"/><attribute id="20314315" name="Biomechanics" parent_id="13372308">selected</attribute></attr_type><comments/><affiliation seq="1"><inst>University of Bristol</inst><institution_id institution_id_type="Ringgold">1980</institution_id><dept>Aerospace Engineering</dept><person_title/><room/><addr1/><addr2/><addr3/><city>Bristol</city><province/><country country_code="GB">United Kingdom of Great Britain and Northern Ireland</country><post_code/><phone/><fax/></affiliation><profile_affiliation><inst>University of Bristol</inst><institution_id institution_id_type="Ringgold">1980</institution_id><dept>Aerospace Engineering</dept><person_title/><room/><addr1/><addr2/><addr3/><city>Bristol</city><province/><country country_code="GB">United Kingdom of Great Britain and Northern Ireland</country><post_code/><phone/><fax/></profile_affiliation><current_profile_affiliation><inst>University of Bristol</inst><institution_id institution_id_type="Ringgold">1980</institution_id><dept>Aerospace Engineering</dept><person_title/><room/><addr1/><addr2/><addr3/><city>Bristol</city><province/><country country_code="GB">United Kingdom of Great Britain and Northern Ireland</country><post_code/><phone/><fax/></current_profile_affiliation><galleyDeliveryType/></author><author auth_URL="" author_seq="5" corr="false" user_id="55593656"><salutation>Dr</salutation><first_name>Alberto</first_name><middle_name/><last_name>Pirrera</last_name><suffix/><degree/><email addr_type="primary">alberto.pirrera@bristol.ac.uk</email><credit_taxonomy_role_list role_content_type="http://credit.casrai.org/"><credit_taxonomy_role contrib_id="8b73531f-db56-4914-9502-4cc4d4d8ed73">Conceptualization</credit_taxonomy_role><credit_taxonomy_role contrib_id="a693fe76-ea33-49ad-9dcc-5e4f3ac5f938">Project administration</credit_taxonomy_role><credit_taxonomy_role contrib_id="ebd781f0-bf79-492c-ac21-b31b9c3c990c">Resources</credit_taxonomy_role><credit_taxonomy_role contrib_id="0c8ca7d4-06ad-4527-9cea-a8801fcb8746">Supervision</credit_taxonomy_role><credit_taxonomy_role contrib_id="d3aead86-f2a2-47f7-bb99-79de6421164d">Writing – review &amp; editing</credit_taxonomy_role></credit_taxonomy_role_list><comments/><orcid>0000-0003-3867-3916</orcid><orcid_id_validation>TRUE</orcid_id_validation><orcid_token_type>bearer</orcid_token_type><orcid_token_scope>[/authenticate, /orcid-profile/read-limited, /orcid-bio/update, /activities/update]</orcid_token_scope><orcid_token_expires_in>631138518</orcid_token_expires_in><affiliation seq="1"><inst>University of Bristol Department of Aerospace Engineering</inst><institution_id institution_id_type="Ringgold">152319</institution_id><dept>Aerospace Engineering</dept><person_title/><room/><addr1/><addr2/><addr3/><city>Bristol</city><province/><country country_code="GB">United Kingdom of Great Britain and Northern Ireland</country><post_code/><phone/><fax/></affiliation><profile_affiliation><inst>University of Bristol Department of Aerospace Engineering</inst><institution_id institution_id_type="Ringgold">152319</institution_id><dept>Aerospace Engineering</dept><person_title/><room/><addr1/><addr2/><addr3/><city>Bristol</city><province/><country country_code="GB">United Kingdom of Great Britain and Northern Ireland</country><post_code/><phone/><fax/></profile_affiliation><current_profile_affiliation><inst>University of Bristol Department of Aerospace Engineering</inst><institution_id institution_id_type="Ringgold">152319</institution_id><dept>Aerospace Engineering</dept><person_title/><room/><addr1>Bristol Composites Institute, Queen's Building</addr1><addr2>University Walk</addr2><addr3/><city>Bristol</city><province/><country country_code="GB">United Kingdom of Great Britain and Northern Ireland</country><post_code>BS8 1TR</post_code><phone/><fax/></current_profile_affiliation><galleyDeliveryType/></author><author auth_URL="" author_seq="6" corr="false" user_id="49471134"><salutation>Dr</salutation><first_name>Rainer Maria</first_name><middle_name>Johannes</middle_name><last_name>Groh</last_name><suffix/><degree>PhD</degree><email addr_type="primary">rainer.groh@bristol.ac.uk</email><credit_taxonomy_role_list role_content_type="http://credit.casrai.org/"><credit_taxonomy_role contrib_id="8b73531f-db56-4914-9502-4cc4d4d8ed73">Conceptualization</credit_taxonomy_role><credit_taxonomy_role contrib_id="95394cbd-4dc8-4735-b589-7e5f9e622b3f">Funding acquisition</credit_taxonomy_role><credit_taxonomy_role contrib_id="a693fe76-ea33-49ad-9dcc-5e4f3ac5f938">Project administration</credit_taxonomy_role><credit_taxonomy_role contrib_id="ebd781f0-bf79-492c-ac21-b31b9c3c990c">Resources</credit_taxonomy_role><credit_taxonomy_role contrib_id="0c8ca7d4-06ad-4527-9cea-a8801fcb8746">Supervision</credit_taxonomy_role><credit_taxonomy_role contrib_id="d3aead86-f2a2-47f7-bb99-79de6421164d">Writing – review &amp; editing</credit_taxonomy_role></credit_taxonomy_role_list><comments/><orcid>0000-0001-5031-7493</orcid><orcid_id_validation>TRUE</orcid_id_validation><orcid_token_type>bearer</orcid_token_type><orcid_token_scope>[/authenticate, /orcid-profile/read-limited, /orcid-bio/update, /activities/update]</orcid_token_scope><orcid_token_expires_in>631138518</orcid_token_expires_in><affiliation seq="1"><inst>University of Bristol</inst><institution_id institution_id_type="Ringgold">1980</institution_id><dept>Aerospace Engineering</dept><person_title/><room/><addr1/><addr2/><addr3/><city>Bristol</city><province/><country country_code="GB">United Kingdom of Great Britain and Northern Ireland</country><post_code/><phone/><fax/></affiliation><profile_affiliation><inst>University of Bristol</inst><institution_id institution_id_type="Ringgold">1980</institution_id><dept>Aerospace Engineering</dept><person_title/><room/><addr1/><addr2/><addr3/><city>Bristol</city><province/><country country_code="GB">United Kingdom of Great Britain and Northern Ireland</country><post_code/><phone/><fax/></profile_affiliation><current_profile_affiliation><inst>University of Bristol</inst><institution_id institution_id_type="Ringgold">1980</institution_id><dept>Aerospace Engineering</dept><person_title/><room/><addr1>University Walk</addr1><addr2>Queen's Building</addr2><addr3/><city>Bristol</city><province/><country country_code="GB">United Kingdom of Great Britain and Northern Ireland</country><post_code>BS8 1TR</post_code><phone/><fax/></current_profile_affiliation><galleyDeliveryType/></author></author_list><author_comments>Dear Editor,&#xD;
&#xD;
Thank you for your confirmation email. We have uploaded all the files for our manuscript to the submission system as instructed.&#xD;
&#xD;
Please let us know if you require any additional information from us.&#xD;
&#xD;
Thank you again for your time and consideration.&#xD;
&#xD;
Sincerely,&#xD;
&#xD;
Jiajia</author_comments><reviewer_list><reviewer invite_history="3" role="Referee" user_id="97195679"><salutation>Dr</salutation><first_name>Sophie</first_name><middle_name/><last_name>Ramananarivo</last_name><suffix/><degree/><email addr_type="primary">sophie.ramananarivo@ladhyx.polytechnique.fr</email><attr_type id="7097" name="Subject Areas"><attribute id="13372308" name="CROSS-DISCIPLINARY SCIENCES"/><attribute id="13372322" name="Biomimetics" parent_id="13372308">selected</attribute></attr_type><comments/><orcid>0000-0003-1049-4131</orcid><orcid_id_validation>TRUE</orcid_id_validation><orcid_token_type>bearer</orcid_token_type><orcid_token_scope>[/authenticate, /read-limited, /activities/update, /person/update]</orcid_token_scope><orcid_token_expires_in>631138518</orcid_token_expires_in><affiliation seq="1"><inst>LadHyX</inst><institution_id institution_id_type="Ringgold">57501</institution_id><dept/><person_title/><room/><addr1/><addr2/><addr3/><city>Palaiseau</city><province/><country country_code="FR">France</country><post_code>91128</post_code><phone/><fax/></affiliation><current_profile_affiliation><inst>LadHyX</inst><institution_id institution_id_type="Ringgold">57501</institution_id><dept/><person_title/><room/><addr1/><addr2/><addr3/><city>Palaiseau</city><province/><country country_code="FR">France</country><post_code>91128</post_code><phone/><fax/></current_profile_affiliation><galleyDeliveryType/><response response_history="3" response_name="Agreed" response_type="Agreed">0</response><response response_history="0" response_name="Declined" response_type="Declined">0</response><response response_history="0" response_name="Late Response" response_type="None">0</response><response response_history="0" response_name="No Response" response_type="None">0</response><response response_history="0" response_name="Unavailable" response_type="None">0</response><rating>2.67</rating></reviewer></reviewer_list><publication_type>Research</publication_type><article_id_list><article_id id_type="doi">10.1098/rsif.2024.0148</article_id></article_id_list><file_list><file file_category="" file_name="rsif-2024-0148-File001.bst" submission_medium="online"><file_createddate>2024-07-16 11:15:54.54</file_createddate><file_designation>TeX/LaTeX File</file_designation><file_format>bst</file_format><file_extension>bst</file_extension><file_originalname>RS.bst</file_originalname><file_caption/><file_tag/><attribute attr_name="File Designation">TeX/LaTeX File</attribute><num_pages_calc>0.00</num_pages_calc><num_pages_actual>0.00</num_pages_actual></file><file file_category="" file_name="rsif-2024-0148-File002.bib" submission_medium="online"><file_createddate>2024-07-16 11:15:57.57</file_createddate><file_designation>TeX/LaTeX File</file_designation><file_format>bib</file_format><file_extension>bib</file_extension><file_originalname>SoftRobotics.bib</file_originalname><file_caption/><file_tag/><attribute attr_name="File Designation">TeX/LaTeX File</attribute><num_pages_calc>0.00</num_pages_calc><num_pages_actual>0.00</num_pages_actual></file><file file_category="" file_name="rsif-2024-0148-File003.pdf" submission_medium="online"><file_createddate>2024-07-16 11:15:59.59</file_createddate><file_designation>Electronic Supplementary Material (ESM)</file_designation><file_format>pdf</file_format><file_extension>pdf</file_extension><file_originalname>SupplementalMaterials_FastBeak_R2_clean (1).pdf</file_originalname><file_caption/><file_tag/><attribute attr_name="File Designation">Electronic Supplementary Material (ESM)</attribute><num_pages_calc>0.00</num_pages_calc><num_pages_actual>0.00</num_pages_actual></file><file file_category="" file_name="rsif-2024-0148-File004.cls" submission_medium="online"><file_createddate>2024-07-16 11:15:56.56</file_createddate><file_designation>TeX/LaTeX File</file_designation><file_format>cls</file_format><file_extension>cls</file_extension><file_originalname>rsproca_new.cls</file_originalname><file_caption/><file_tag/><attribute attr_name="File Designation">TeX/LaTeX File</attribute><num_pages_calc>0.00</num_pages_calc><num_pages_actual>0.00</num_pages_actual></file><file file_category="" file_name="rsif-2024-0148-File005.eps" submission_medium="online"><file_createddate>2024-07-16 11:11:31.31</file_createddate><file_designation>Figure</file_designation><file_format>eps</file_format><file_extension>eps</file_extension><file_originalname>IntroBeakSnapPicBioGeoV2.eps</file_originalname><file_caption>(a) The fast closure of the lower jaw of the hummingbird beak while capturing an insect. (1) Reference state; (2) the root of the beak is twisted; (3) the root of the beak is rotated at constant twist; (4) the root of the beak is twisted back at constant rotation; (5) the beak shuts via snap-buckling. (b) A lateral view of a cleared and stained hummingbird skull (red, bone; blue, cartilage) with cross-sections at four locations. The lower jaw of the beak comprises two branches, with high vertical bending stiffness but low horizontal bending stiffness. (c) Representative model of the hummingbird lower jaw based on a folded piece of paper. Square holes near the roots are present as a reference, but do not affect the model performance. (I) Side view (folded flat). (II) Top view (opened up). (1)–(5) Flexion and snap sequence produced by twisting and rotating the roots of the paper model. (1) Reference configuration. (2) The roots are twisted out. (3) The roots are rotated whilst twist remains unchanged. (4) The rotation is held fixed whilst the roots are partially twisted back. The paper model snaps between panels (4) and (5). (5) The roots remain rotated out. By rotating the roots back, the structure returns to the reference configuration. Photos (a, b) courtesy of Prof. Matthew L. Smith from Hope College, USA. Photo (c) is reproduced from Smith et al. (2011) with the authors' permission.</file_caption><file_tag/><attribute attr_name="File Designation">Figure</attribute><num_pages_calc>0.00</num_pages_calc><num_pages_actual>0.00</num_pages_actual></file><file file_category="" file_name="rsif-2024-0148-File006.eps" submission_medium="online"><file_createddate>2024-07-16 11:11:32.32</file_createddate><file_designation>Figure</file_designation><file_format>eps</file_format><file_extension>eps</file_extension><file_originalname>HummingBirdGeoV6.eps</file_originalname><file_caption>Geometry of the hummingbird beak model and the definition of the actuation inputs at the root section. </file_caption><file_tag/><attribute attr_name="File Designation">Figure</attribute><num_pages_calc>0.00</num_pages_calc><num_pages_actual>0.00</num_pages_actual></file><file file_category="" file_name="rsif-2024-0148-File007.eps" submission_medium="online"><file_createddate>2024-07-16 11:11:33.33</file_createddate><file_designation>Figure</file_designation><file_format>eps</file_format><file_extension>eps</file_extension><file_originalname>FullEQPathBaseStructureRotSensiRiksFoldLineV12.eps</file_originalname><file_caption>Full nonlinear equilibrium path and deformation profiles of the beak-inspired structures.</file_caption><file_tag/><attribute attr_name="File Designation">Figure</attribute><num_pages_calc>0.00</num_pages_calc><num_pages_actual>0.00</num_pages_actual></file><file file_category="" file_name="rsif-2024-0148-File008.eps" submission_medium="online"><file_createddate>2024-07-16 11:11:34.34</file_createddate><file_designation>Figure</file_designation><file_format>eps</file_format><file_extension>eps</file_extension><file_originalname>TipDispversusPreRotationV2.eps</file_originalname><file_caption>Displacement of the beak tip for four different pre-rotation levels.</file_caption><file_tag/><attribute attr_name="File Designation">Figure</attribute><num_pages_calc>0.00</num_pages_calc><num_pages_actual>0.00</num_pages_actual></file><file file_category="" file_name="rsif-2024-0148-File009.eps" submission_medium="online"><file_createddate>2024-07-16 11:11:35.35</file_createddate><file_designation>Figure</file_designation><file_format>eps</file_format><file_extension>eps</file_extension><file_originalname>EQPathEnergyLandScapeRotV2.eps</file_originalname><file_caption>Strain energy of the beak-inspired structure at different equilibrium states. </file_caption><file_tag/><attribute attr_name="File Designation">Figure</attribute><num_pages_calc>0.00</num_pages_calc><num_pages_actual>0.00</num_pages_actual></file><file file_category="" file_name="rsif-2024-0148-File010.eps" submission_medium="online"><file_createddate>2024-07-16 11:11:37.37</file_createddate><file_designation>Figure</file_designation><file_format>eps</file_format><file_extension>eps</file_extension><file_originalname>EnergyEfficiencyFromStressFreeState.eps</file_originalname><file_caption>Energy efficiency of the beak-inspired structure.</file_caption><file_tag/><attribute attr_name="File Designation">Figure</attribute><num_pages_calc>0.00</num_pages_calc><num_pages_actual>0.00</num_pages_actual></file><file file_category="" file_name="rsif-2024-0148-File011.eps" submission_medium="online"><file_createddate>2024-07-16 11:11:38.38</file_createddate><file_designation>Figure</file_designation><file_format>eps</file_format><file_extension>eps</file_extension><file_originalname>ExpActuatorSystemNew.eps</file_originalname><file_caption>Experimental setup. </file_caption><file_tag/><attribute attr_name="File Designation">Figure</attribute><num_pages_calc>0.00</num_pages_calc><num_pages_actual>0.00</num_pages_actual></file><file file_category="" file_name="rsif-2024-0148-File012.eps" submission_medium="online"><file_createddate>2024-07-16 11:11:39.39</file_createddate><file_designation>Figure</file_designation><file_format>eps</file_format><file_extension>eps</file_extension><file_originalname>FEModelExpComparesShellExpVelocity.eps</file_originalname><file_caption>Experimental results and their comparison with FE simulations. </file_caption><file_tag/><attribute attr_name="File Designation">Figure</attribute><num_pages_calc>0.00</num_pages_calc><num_pages_actual>0.00</num_pages_actual></file><file file_category="" file_name="rsif-2024-0148-File013.eps" submission_medium="online"><file_createddate>2024-07-16 11:11:40.40</file_createddate><file_designation>Figure</file_designation><file_format>eps</file_format><file_extension>eps</file_extension><file_originalname>PendulumTestSetupTestResults.eps</file_originalname><file_caption>Pendulum test setup and results. </file_caption><file_tag/><attribute attr_name="File Designation">Figure</attribute><num_pages_calc>0.00</num_pages_calc><num_pages_actual>0.00</num_pages_actual></file><file file_category="" file_name="rsif-2024-0148-File014.eps" submission_medium="online"><file_createddate>2024-07-16 11:15:52.52</file_createddate><file_designation>Figure</file_designation><file_format>eps</file_format><file_extension>eps</file_extension><file_originalname>DemoBallThrowerSnapPhoto.eps</file_originalname><file_caption>Snapshots of the ball thrower.</file_caption><file_tag/><attribute attr_name="File Designation">Figure</attribute><num_pages_calc>0.00</num_pages_calc><num_pages_actual>0.00</num_pages_actual></file><file file_category="" file_name="rsif-2024-0148-File015.tex" submission_medium="online"><file_createddate>2024-07-16 12:50:24.24</file_createddate><file_designation>TeX/LaTeX File</file_designation><file_format>tex</file_format><file_extension>tex</file_extension><file_originalname>main.tex</file_originalname><file_caption/><file_tag/><attribute attr_name="File Designation">TeX/LaTeX File</attribute><num_pages_calc>0.00</num_pages_calc><num_pages_actual>0.00</num_pages_actual></file><file file_category="" file_name="rsif-2024-0148-File016.pdf" submission_medium="online"><file_createddate>2024-07-16 12:50:26.26</file_createddate><file_designation>Main Document</file_designation><file_format>pdf</file_format><file_extension>pdf</file_extension><file_originalname>NonlinearMechanicsinHummingbirds_R2_NoFormat.pdf</file_originalname><file_caption/><file_tag/><attribute attr_name="File Designation">Main Document</attribute><num_pages_calc>0.00</num_pages_calc><num_pages_actual>0.00</num_pages_actual></file></file_list><history><ms_id ms_no="rsif-2024-0148.R3"><rev_id>3</rev_id><submitted_date><year>2024</year><month>07</month><day>16</day><hour>12</hour><minute>52</minute><second>57</second><time_zone>(GMT-05:00) Eastern Time (US &amp; Canada)</time_zone></submitted_date><received_date><year>2024</year><month>03</month><day>05</day><hour>04</hour><minute>07</minute><second>02</second><time_zone>(GMT-05:00) Eastern Time (US &amp; Canada)</time_zone></received_date><received_date_resub><year/><month/><day/><hour/><minute/><second/><time_zone/></received_date_resub><revised_date><year>2024</year><month>07</month><day>16</day><hour>12</hour><minute>52</minute><second>57</second><time_zone>(GMT-05:00) Eastern Time (US &amp; Canada)</time_zone></revised_date><decision_date><year>2024</year><month>07</month><day>26</day><hour>03</hour><minute>28</minute><second>05</second><time_zone>(GMT-05:00) Eastern Time (US &amp; Canada)</time_zone></decision_date><approval_date><year/><month/><day/><hour/><minute/><second/><time_zone/></approval_date><author_returned_date><year/><month/><day/><hour/><minute/><second/><time_zone/></author_returned_date><most_recent_decision_date><year/><month/><day/><hour/><minute/><second/><time_zone/></most_recent_decision_date><transmission_date><year>2024</year><month>03</month><day>05</day><hour>04</hour><minute>07</minute><second>02</second><time_zone>(GMT-05:00) Eastern Time (US &amp; Canada)</time_zone></transmission_date><web_publish_date><year/><month/><day/><hour/><minute/><second/><time_zone/></web_publish_date><task name="Forward to Publishing Editor" task_id="93882" type="forward document"><status doc_task_id="488011217" event_date="2024-07-16T12:52:58" s1_staff="false" user_id="6915503" user_role="Publishing Editor">completed</status><assigned date="2024-07-16T12:52:58" role="Publishing Editor" user_id="6915503"/></task><task name="Forward to Editor" task_id="93883" type="forward document"><status doc_task_id="488011218" event_date="2024-07-16T12:52:58" s1_staff="false" user_id="0" user_role="Editor">completed</status><assigned date="2024-03-05T04:07:05" role="Editor"/></task><task name="Pick Referees" task_id="93874" type="pick2"><status doc_task_id="488011220" event_date="2024-07-26T03:28:05" s1_staff="false" user_id="0" user_role="Publishing Editor">completed</status></task><task name="Invite Referees" task_id="93875" type="invite"><status doc_task_id="488011221" event_date="2024-07-26T03:28:06" s1_staff="false" user_id="0" user_role="Publishing Editor">completed</status></task><task name="Make Decision" task_id="93880" type="decision"><status doc_task_id="488011222" event_date="2024-07-26T03:28:05" s1_staff="false" user_id="74742995" user_role="Publishing Editor">completed</status><decision decision_name="Accept - Final Files" decision_type="Accept"/></task><task name="Production Checklist" task_id="93887" type="production checklilst"><status doc_task_id="489300002" event_date="2024-07-26T03:28:22" s1_staff="false" user_id="74742995" user_role="Publishing Editor">completed</status></task><task name="Production Checklist" task_id="93887" type="production checklilst"><status doc_task_id="489300003" event_date="2024-07-26T03:28:23" s1_staff="false" user_id="0" user_role="">abandoned</status></task><task name="Rightslink" task_id="641592" type=""><status doc_task_id="489300072" event_date="2024-07-26T03:36:11" s1_staff="false" user_id="0" user_role="Publishing Editor">completed</status></task><task name="Assign to Batch" task_id="93888" type="assign to batch"><status doc_task_id="489300076" event_date="2024-07-26T04:51:33" s1_staff="false" user_id="0" user_role="Publishing Editor">completed</status></task><task name="Assign to Batch" task_id="93888" type="assign to batch"><status doc_task_id="489300080" event_date="2024-07-26T03:28:24" s1_staff="false" user_id="0" user_role="">abandoned</status></task></ms_id><ms_id ms_no="rsif-2024-0148.R2"><rev_id>2</rev_id><submitted_date><year>2024</year><month>07</month><day>03</day><hour>12</hour><minute>57</minute><second>04</second><time_zone>(GMT-05:00) Eastern Time (US &amp; Canada)</time_zone></submitted_date><received_date><year>2024</year><month>03</month><day>05</day><hour>04</hour><minute>07</minute><second>02</second><time_zone>(GMT-05:00) Eastern Time (US &amp; Canada)</time_zone></received_date><received_date_resub><year/><month/><day/><hour/><minute/><second/><time_zone/></received_date_resub><revised_date><year>2024</year><month>07</month><day>03</day><hour>12</hour><minute>57</minute><second>04</second><time_zone>(GMT-05:00) Eastern Time (US &amp; Canada)</time_zone></revised_date><decision_date><year>2024</year><month>07</month><day>16</day><hour>09</hour><minute>58</minute><second>31</second><time_zone>(GMT-05:00) Eastern Time (US &amp; Canada)</time_zone></decision_date><approval_date><year/><month/><day/><hour/><minute/><second/><time_zone/></approval_date><author_returned_date><year/><month/><day/><hour/><minute/><second/><time_zone/></author_returned_date><most_recent_decision_date><year/><month/><day/><hour/><minute/><second/><time_zone/></most_recent_decision_date><transmission_date><year>2024</year><month>03</month><day>05</day><hour>04</hour><minute>07</minute><second>02</second><time_zone>(GMT-05:00) Eastern Time (US &amp; Canada)</time_zone></transmission_date><web_publish_date><year/><month/><day/><hour/><minute/><second/><time_zone/></web_publish_date></ms_id><ms_id ms_no="rsif-2024-0148.R1"><rev_id>1</rev_id><submitted_date><year>2024</year><month>05</month><day>11</day><hour>06</hour><minute>20</minute><second>16</second><time_zone>(GMT-05:00) Eastern Time (US &amp; Canada)</time_zone></submitted_date><received_date><year>2024</year><month>03</month><day>05</day><hour>04</hour><minute>07</minute><second>02</second><time_zone>(GMT-05:00) Eastern Time (US &amp; Canada)</time_zone></received_date><received_date_resub><year/><month/><day/><hour/><minute/><second/><time_zone/></received_date_resub><revised_date><year>2024</year><month>05</month><day>11</day><hour>06</hour><minute>20</minute><second>16</second><time_zone>(GMT-05:00) Eastern Time (US &amp; Canada)</time_zone></revised_date><decision_date><year>2024</year><month>06</month><day>24</day><hour>16</hour><minute>40</minute><second>51</second><time_zone>(GMT-05:00) Eastern Time (US &amp; Canada)</time_zone></decision_date><approval_date><year/><month/><day/><hour/><minute/><second/><time_zone/></approval_date><author_returned_date><year/><month/><day/><hour/><minute/><second/><time_zone/></author_returned_date><most_recent_decision_date><year/><month/><day/><hour/><minute/><second/><time_zone/></most_recent_decision_date><transmission_date><year>2024</year><month>03</month><day>05</day><hour>04</hour><minute>07</minute><second>02</second><time_zone>(GMT-05:00) Eastern Time (US &amp; Canada)</time_zone></transmission_date><web_publish_date><year/><month/><day/><hour/><minute/><second/><time_zone/></web_publish_date></ms_id><ms_id ms_no="rsif-2024-0148"><rev_id>0</rev_id><submitted_date><year>2024</year><month>03</month><day>05</day><hour>04</hour><minute>07</minute><second>02</second><time_zone>(GMT-05:00) Eastern Time (US &amp; Canada)</time_zone></submitted_date><received_date><year>2024</year><month>03</month><day>05</day><hour>04</hour><minute>07</minute><second>02</second><time_zone>(GMT-05:00) Eastern Time (US &amp; Canada)</time_zone></received_date><received_date_resub><year/><month/><day/><hour/><minute/><second/><time_zone/></received_date_resub><revised_date><year/><month/><day/><hour/><minute/><second/><time_zone/></revised_date><decision_date><year>2024</year><month>04</month><day>22</day><hour>03</hour><minute>56</minute><second>56</second><time_zone>(GMT-05:00) Eastern Time (US &amp; Canada)</time_zone></decision_date><approval_date><year/><month/><day/><hour/><minute/><second/><time_zone/></approval_date><author_returned_date><year/><month/><day/><hour/><minute/><second/><time_zone/></author_returned_date><most_recent_decision_date><year/><month/><day/><hour/><minute/><second/><time_zone/></most_recent_decision_date><transmission_date><year>2024</year><month>03</month><day>05</day><hour>04</hour><minute>07</minute><second>02</second><time_zone>(GMT-05:00) Eastern Time (US &amp; Canada)</time_zone></transmission_date><web_publish_date><year/><month/><day/><hour/><minute/><second/><time_zone/></web_publish_date></ms_id></history><fulltext_url/><abstract>Nature offers a wealth of inspiration for engineering design. This work explores elastic instabilities, a mechanism for rapid movement in biological systems, as a power-amplification strategy for soft robots. Inspired by the hummingbird beak's swift closure (under 10 ms), we design, fabricate, and test a novel, fast-response soft end effector. Numerical simulations unveil the equilibrium path of the beak-inspired structure under sequential rotations mimicking muscle actuation. We focus on tailoring the sequence to trigger a saddle-node bifurcation, inducing the desired snap-through instability. The simulations highlight the critical role of an intermediate rotation in accumulating elastic energy for explosive release during snap-through. Informed by these findings, we fabricate and test a prototype end effector using a compliant material. Experiments confirm the trends observed in simulations and demonstrate the bioinspired design's effectiveness. We measure energy transfer to a pendulum and showcase a potential application requiring rapid action. From a mechanics perspective, this work sheds light on how pre-stress fields can enable rapid, energy-efficient movement in soft robotic systems.</abstract><configurable_data_fields><custom_fields cd_code="Licence to publish text" cd_name="Confirm you accept the terms and conditions of the relevant &lt;a href=&#34;https://royalsociety.org/journals/authors/author-guidelines/licence-to-publish/&#34; target=&#34;_blank&#34;&gt;Licence to Publish.&lt;/a&gt; Note that the licence which you are agreeing to depends on whether or not you will opt for open access publication. You will have the option to do this on the next page. Please contact the Editorial Office if you have any special requirements, for example as a US government employee." cd_value="No" cd_value_code="Yes"/><custom_fields cd_code="Permissions" cd_name="If material has been included that has been sourced from third parties or previously published work (e.g. illustrations, photographs, charts or maps), please confirm you have obtained all necessary permissions. If you have used published or third-party material, please ensure you have correctly cited the original source(s). Please read our &lt;a href=&#34;https://royalsociety.org/-/media/journals/authors/clearing-permissions.pdf&#34; target=&#34;_blank&#34;&gt;guidance document&lt;/a&gt; for full details. Please contact the Editorial Office if there are any copyright issues." cd_value="Yes, I have obtained all necessary written permissions and included suitable credit information" cd_value_code="Yes"/><custom_fields cd_code="Author declaration" cd_name="By ticking this box we confirm that all authors gave final approval for publication and agreed to be held accountable for the work performed therein. (This statement will be included on published articles.)" cd_value="No" cd_value_code="Author declaration"/><custom_fields cd_code="Declaration of AI use Question" cd_name="Have you used AI-assisted technologies in creating this article?" cd_value="No, we have not used AI-assisted technologies in creating this article" cd_value_code="AI No"/><custom_fields cd_code="I/we confirm that we have read the Royal Society publishing ethics policy." cd_name="I/we confirm that we have read and comply with the &lt;a href=https://royalsociety.org/journals/ethics-policies/ target='_blank'&gt;Royal Society publishing ethics policy&lt;/a&gt;." cd_value="Yes" cd_value_code="Yes"/><custom_fields cd_code="Does your article include research that required ethical approval or permits?" cd_name="Does your article include research that required ethical approval or permits?" cd_value="This article does not present research with ethical considerations" cd_value_code="This article does not present research with ethica"/><custom_fields cd_code="Competing interests" cd_name="Please declare any competing interests held by any of the authors on this paper. We consider a competing interest to be anything which influences the objective presentation of your manuscript. Competing interests may be financial or non-financial; for more information please see our &lt;a href=&#34;https://royalsociety.org/journals/ethics-policies/&#34; target=&#34;_blank&#34;&gt;publishing policies&lt;/a&gt;. " cd_value="I/We declare we have no competing interests" cd_value_code="We declare we have no competing interests."/><custom_fields cd_code="Data question" cd_name="Does your paper present new data, or use data/models published elsewhere? " cd_value="Yes" cd_value_code="Yes"/><custom_fields cd_code="If yes data" cd_name="If yes, please provide a ‘data accessibility statement’. At initial submission this should tell editors and reviewers how they can access the material (e.g. a link to a repository); at revision please write this in a form that will be included in the published article including final DOIs (see above for more detail)." cd_value="Data (including the videos about the experiment) are available from Dryad: doi:10.5061/dryad.3bk3j9ktv" cd_value_code="Yes"/><custom_fields cd_code="Covered by deal" cd_name="&lt;strong&gt;1. Article processing fees are covered by a special agreement. Please select as appropriate.&lt;/strong&gt;&lt;br&gt;&lt;br&gt;&#xD;&#xA;Payment is automatically covered by the corresponding author’s institution under an existing agreement – please select the appropriate option below. Please add the name of the corresponding author in the box provided above." cd_value="Not applicable" cd_value_code="Not applicable"/><custom_fields cd_code="Discounts" cd_name="&lt;strong&gt;2. Authors are responsible for organising payment of fees.&lt;/strong&gt;&lt;br&gt;&lt;br&gt;A payment request email will be sent to the relevant author once your paper is accepted. Please select as appropriate." cd_value="Not applicable" cd_value_code="Not applicable"/><custom_fields cd_code="Waivers" cd_name="&lt;strong&gt;3. Authors may be eligible for a full waiver.&lt;/strong&gt;&lt;br&gt;&lt;br&gt;Please select as appropriate. " cd_value="Not applicable" cd_value_code="Not applicable"/><custom_fields cd_code="ESM" cd_name="Does your paper have electronic supplementary material (ESM)?" cd_value="Yes" cd_value_code="Yes"/><custom_fields cd_code="ESM data" cd_name="If yes, do any of the ESM files contain data, code or materials relevant to the reproducibility of the study?" cd_value="Yes" cd_value_code="Yes"/><custom_fields cd_code="ESM file 1 title" cd_name="ESM file 1" cd_value="Supplementary Materials" cd_value_code="Title:"/><custom_fields cd_code="ESM file 1 caption" cd_name="ESM file 1" cd_value="Electronic supplementary material (Supplementary Review Files: Files that provide valuable background or reference information for peer review)" cd_value_code="Legend/Caption:"/><custom_fields cd_code="Media Summary" cd_name="Your paper will appear in a press release. Please provide a 100 word media summary (lay abstract) here. " cd_value="Engineers are turning to nature for inspiration! This research mimics the hummingbird's lightning-fast beak snap (under 10 milliseconds) to create a new type of soft robot gripper. The secret lies in a special movement called &#34;snap-through,&#34; where stored energy explodes into rapid motion.&#xD;&#xA;&#xD;&#xA;Scientists used computer simulations and experiments to design and test this bioinspired gripper. The results confirm it can transfer significant energy and perform quick actions, making it ideal for tasks requiring speed and power. This research paves the way for faster, more efficient soft robots in the future!" cd_value_code="media summary"/><custom_fields cd_code="Number of Figures" cd_name="Number of Figures:" cd_value="10" cd_value_code="figures"/><custom_fields cd_code="Number of Tables" cd_name="Number of Tables:" cd_value="2" cd_value_code="tables"/><custom_fields cd_code="Number of Words" cd_name="Number of Words (including references):" cd_value="7411" cd_value_code="words"/><custom_fields cd_code="Has this manuscript been submitted previously?" cd_name="Has a previous version of this manuscript been submitted to this or any other Royal Society journal (using a different manuscript ID)? " cd_value="No  " cd_value_code="No"/><custom_fields cd_code="Article Type" cd_name="Manuscript Type:" cd_value="Research" cd_value_code="Research"/><custom_fields cd_code="PDF checked" cd_name="PDF checked" cd_value="asdf" cd_value_code="asdf"/><custom_fields cd_code="Copyright confirmed" cd_name="Copyright confirmed" cd_value="asdf" cd_value_code="asdf"/><custom_fields cd_code="Comments to production" cd_name="Comments to production" cd_value="OA - R&amp;P" cd_value_code="asdf"/></configurable_data_fields><notes/><content><first_page/><last_page/><attr_type id="26652" name="Category"><attribute id="60361535" name="Life Sciences - Engineering interface">selected</attribute></attr_type><attr_type id="7097" name="Subject Areas"><attribute id="13372308" name="CROSS-DISCIPLINARY SCIENCES"/><attribute id="20314315" name="Biomechanics" parent_id="13372308">selected</attribute><attribute id="13372308" name="CROSS-DISCIPLINARY SCIENCES"/><attribute id="13372322" name="Biomimetics" parent_id="13372308">selected</attribute></attr_type><attr_type id="7274" name="Keywords"><attribute id="159980668" name="Functional morphology">selected</attribute><attribute id="159980669" name="Snap-through instability">selected</attribute><attribute id="159980670" name="Elastic tailoring">selected</attribute><attribute id="159980671" name="Programmability">selected</attribute><attribute id="159980672" name="Energy amplification">selected</attribute><attribute id="159980673" name="Well-behaved nonlinear structures">selected</attribute></attr_type><total_pages_calc>0.00</total_pages_calc><total_pages_actual/><total_tables>2</total_tables><num_color_figures/><num_bw_figures/><total_figures>10</total_figures><total_pdf_pages>0.00</total_pdf_pages></content><office_contact user_id=""><salutation/><first_name/><middle_name/><last_name/><suffix/><degree/><email addr_type="primary">interface@royalsociety.org</email><comments/><affiliation seq="1"><inst/><dept/><person_title/><room/><addr1/><addr2/><addr3/><city/><province/><country/><post_code/><phone>Default Phone</phone><fax>Default Fax</fax></affiliation><current_profile_affiliation><inst/><dept/><person_title/><room/><addr1/><addr2/><addr3/><city/><province/><country/><post_code/><phone>Default Phone</phone><fax>Default Fax</fax></current_profile_affiliation><galleyDeliveryType/></office_contact><lte_text_area/><email_list><email_sent><send_date><year/><month/><day/><hour/><minute/><second/><time_zone/></send_date><to user_id="13330894">interface@royalsociety.org</to><subject>rsif-2024-0148.R3 - Send to colleagues</subject><body>; ;&lt;br /&gt;;&lt;br /&gt;;  ;&lt;br /&gt;&lt;br /&gt;Dear Colleagues,&lt;br /&gt;&lt;br /&gt;As you may know Journal of the Royal Society Interface was launched in May 2004 to promote cross-disciplinary research at the interface between the physical and life sciences.  It offers rapidity, visibility and high-quality peer review, is currently ranked fourth in JCR's multidisciplinary category and has an Impact Factor of 4.259.&lt;br /&gt;&lt;br /&gt;The scope of J. R. Soc. Interface is vast encompassing including, but not limited to, fields such as: biocomplexity, bioengineering, bioinformatics, biomaterials, biomechanics, bionanoscience, biophysics, chemical biology, computer science (as applied to the life sciences), medical physics, synthetic biology, systems biology, theoretical biology and tissue engineering.We have recently published the following article and the author(s) thought this would be of interest to you:&lt;br /&gt;&lt;br /&gt;A rapid-response soft end effector inspired by the hummingbird beak&lt;br /&gt;Shen, Jiajia; Garrad, Martin; Zhang, Qicheng; Wong, Vico; Pirrera, Alberto; Groh, Rainer Maria&lt;br /&gt;&lt;br /&gt;A free copy of the article can be downloaded at: EPRINT LINK&lt;br /&gt;&lt;br /&gt;If you have any papers in the future, I hope that you will consider J. R. Soc. Interface.  The average receipt to decision time is 30 days, and submission to online publication just 60 days. Review articles are free to access immediately online and all content is free to access after 12 months.&lt;br /&gt;&lt;br /&gt;Personal subscriptions are now available to J. R. Soc. Interface and information about this and all other aspects of the journal can be found on our homepage where you can also sign up for new content alerts.&lt;br /&gt;&lt;br /&gt;If you have any specific queries, please don’t hesitate to contact me directly.&lt;br /&gt;&lt;br /&gt;Yours sincerely,&lt;br /&gt;&lt;br /&gt;Dr Tim Holt&lt;br /&gt;Publishing Editor&lt;br /&gt;&lt;br /&gt;web rsif.royalsocietypublishing.org/&lt;br /&gt;email tim.holt@royalsociety.org&lt;br /&gt;tel +44 (0) 207 451 2649</body></email_sent><email_sent><send_date><year/><month/><day/><hour/><minute/><second/><time_zone/></send_date><to user_id="13330894">interface@royalsociety.org</to><cc>Journal.Abstracts@royalsociety.org</cc><subject>rsif-2024-0148.R3 - media abstract</subject><body>Header: Media Abstract for rsif-2024-0148.R3&lt;br /&gt; &lt;br /&gt;Article-Type: Research&lt;br /&gt; &lt;br /&gt;Title: A rapid-response soft end effector inspired by the hummingbird beak&lt;br /&gt;by: Shen, Jiajia; Garrad, Martin; Zhang, Qicheng; Wong, Vico; Pirrera, Alberto; Groh, Rainer Maria (doi:10.1098/rsif.2024.0148)&lt;br /&gt; &lt;br /&gt;Summary: Engineers are turning to nature for inspiration! This research mimics the hummingbird's lightning-fast beak snap (under 10 milliseconds) to create a new type of soft robot gripper. The secret lies in a special movement called "snap-through," where stored energy explodes into rapid motion.&lt;br /&gt;&lt;br /&gt;Scientists used computer simulations and experiments to design and test this bioinspired gripper. The results confirm it can transfer significant energy and perform quick actions, making it ideal for tasks requiring speed and power. This research paves the way for faster, more efficient soft robots in the future!&lt;br /&gt;Contact: Dr Jiajia Shen, University of Bristol, j.shen@bristol.ac.uk, cceajjshen@gmail.com,&lt;br /&gt; &lt;br /&gt;URL after publication: &lt;a href="https://royalsocietypublishing.org/doi/10.1098/rsif.2024.0148"&gt;https://royalsocietypublishing.org/doi/10.1098/rsif.2024.0148&lt;/a&gt;&lt;br /&gt; &lt;br /&gt;Telephone:&lt;br /&gt;Twitter:</body></email_sent><email_sent><send_date><year/><month/><day/><hour/><minute/><second/><time_zone/></send_date><to>interface_final@royalsociety.org</to><subject>Manuscript ID rsif-2024-0148.R3 is now in your Admin Center; ready for production checklist</subject><body>26-Jul-2024&lt;br /&gt;&lt;br /&gt;Dear Dr Tim Holt, Senior Publishing Editor:&lt;br /&gt;&lt;br /&gt;Manuscript ID rsif-2024-0148.R3 entitled "A rapid-response soft end effector inspired by the hummingbird beak," with Dr Shen as submitting author, has been accepted to the Journal of the Royal Society Interface.&lt;br /&gt;&lt;br /&gt;Please complete the production checklist for this manuscript as soon as possible.&lt;br /&gt;&lt;br /&gt;Sincerely,&lt;br /&gt;Dr Tim Holt, Senior Publishing Editor&lt;br /&gt;Journal of the Royal Society Interface Editorial Office&lt;br /&gt;interface@royalsociety.org</body></email_sent><email_sent><send_date><year/><month/><day/><hour/><minute/><second/><time_zone/></send_date><to>interface_final@royalsociety.org</to><subject>Manuscript ID rsif-2024-0148.R3 is now in your Admin Center; ready for production checklist</subject><body>26-Jul-2024&lt;br /&gt;&lt;br /&gt;Dear Dr Tim Holt, Senior Publishing Editor:&lt;br /&gt;&lt;br /&gt;Manuscript ID rsif-2024-0148.R3 entitled "A rapid-response soft end effector inspired by the hummingbird beak," with Dr Shen as submitting author, has been accepted to the Journal of the Royal Society Interface.&lt;br /&gt;&lt;br /&gt;Please complete the production checklist for this manuscript as soon as possible.&lt;br /&gt;&lt;br /&gt;Sincerely,&lt;br /&gt;Dr Tim Holt, Senior Publishing Editor&lt;br /&gt;Journal of the Royal Society Interface Editorial Office&lt;br /&gt;interface@royalsociety.org</body></email_sent><email_sent><send_date><year>2024</year><month>07</month><day>16</day><hour>12</hour><minute>53</minute><second>00</second><time_zone>(GMT-05:00) Eastern Time (US &amp; Canada)</time_zone></send_date><to user_id="93140323">j.shen@bristol.ac.uk</to><to user_id="93140323">cceajjshen@gmail.com</to><subject>Journal of the Royal Society Interface - Manuscript ID rsif-2024-0148.R3</subject><body>16-Jul-2024&lt;br /&gt;&lt;br /&gt;Dear Dr Shen:&lt;br /&gt;&lt;br /&gt;Your manuscript entitled "A rapid-response soft end effector inspired by the hummingbird beak" has been successfully submitted online and is presently being given full consideration for publication in Journal of the Royal Society Interface.&lt;br /&gt;&lt;br /&gt;Your manuscript ID is rsif-2024-0148.R3.&lt;br /&gt;&lt;br /&gt;Please mention the above manuscript ID in all future correspondence or when calling the office for questions. If there are any changes in your street address or e-mail address, please log in to Manuscript Central at https://mc.manuscriptcentral.com/jrsi and edit your user information as appropriate.&lt;br /&gt;&lt;br /&gt;You can also view the status of your manuscript at any time by checking your Author Center after logging in to https://mc.manuscriptcentral.com/jrsi.&lt;br /&gt;&lt;br /&gt;Thank you for submitting your manuscript to J. R. Soc. Interface.&lt;br /&gt;&lt;br /&gt;Yours sincerely,&lt;br /&gt;&lt;br /&gt;Journal of the Royal Society Interface Editorial Office</body></email_sent><email_sent><send_date><year>2024</year><month>07</month><day>17</day><hour>04</hour><minute>18</minute><second>33</second><time_zone>(GMT-05:00) Eastern Time (US &amp; Canada)</time_zone></send_date><to user_id="93140323">j.shen@bristol.ac.uk</to><to>cceajjshen@gmail.com</to><subject>Journal of the Royal Society Interface</subject><body>17-Jul-2024&lt;br /&gt;&lt;br /&gt;rsif-2024-0148.R3 - A rapid-response soft end effector inspired by the hummingbird beak&lt;br /&gt;&lt;br /&gt;Dear Dr Shen,&lt;br /&gt;&lt;br /&gt;Thank you for uploading the final files for your Interface manuscript. Before proceeding, please note that data should be deposited in a repository under a CC0 or CC-BY licence. For full details of our requirements for depositing data, please take a look at our &lt;a href="https://royalsociety.org/journals/ethics-policies/data-sharing-mining/#where-to-submit-data" target="_blank"&gt;website&lt;/a&gt;. &lt;br /&gt;&lt;br /&gt;Please can you move your data to a different repository e.g. Dryad or Zenodo.&lt;br /&gt;&lt;br /&gt;&lt;br /&gt;Best wishes,&lt;br /&gt;&lt;br /&gt;Jessica Miller and Dr Tim Holt&lt;br /&gt;&lt;br /&gt;Journal of the Royal Society Interface</body></email_sent><email_sent><send_date><year>2024</year><month>07</month><day>25</day><hour>04</hour><minute>56</minute><second>12</second><time_zone>(GMT-05:00) Eastern Time (US &amp; Canada)</time_zone></send_date><to user_id="93140323">j.shen@bristol.ac.uk</to><to>cceajjshen@gmail.com</to><subject>FW: Journal of the Royal Society Interface</subject><body>17-Jul-2024&lt;br /&gt;&lt;br /&gt;rsif-2024-0148.R3 - A rapid-response soft end effector inspired by the hummingbird beak&lt;br /&gt;&lt;br /&gt;Dear Dr Shen,&lt;br /&gt;&lt;br /&gt;Thank you again for uploading the final files for your Interface manuscript. I'm writing to follow up on the data for your paper. Please note that data should be deposited in a repository under a CC0 or CC-BY licence. It looks like the data for your paper has been made available under a non-commercial licence. For full details of our requirements for depositing data, please take a look at our &lt;a href="https://royalsociety.org/journals/ethics-policies/data-sharing-mining/#where-to-submit-data" target="_blank"&gt;website&lt;/a&gt;. &lt;br /&gt;&lt;br /&gt;Please can you move your data to a different repository that complies with our policies. I've provided a full list of our requirements below.&lt;br /&gt;&lt;br /&gt;- be publicly available&lt;br /&gt;- retain data under an open license (CC0 or CC-BY) (clearly visible on the landing page of your dataset)&lt;br /&gt;- provide files with a DOI&lt;br /&gt;- make versioning/changes clear&lt;br /&gt;- have provisions for permanent access&lt;br /&gt;- have an English-language translation&lt;br /&gt;- be curated&lt;br /&gt;&lt;br /&gt;Examples of compliant repositories that we recommend include Zenodo and Dryad.&lt;br /&gt;&lt;br /&gt;Best wishes,&lt;br /&gt;&lt;br /&gt;Jessica Miller and Dr Tim Holt&lt;br /&gt;&lt;br /&gt;Journal of the Royal Society Interface</body></email_sent><email_sent doc_task_id="488011222"><send_date><year>2024</year><month>07</month><day>26</day><hour>03</hour><minute>28</minute><second>09</second><time_zone>(GMT-05:00) Eastern Time (US &amp; Canada)</time_zone></send_date><to user_id="93140323">j.shen@bristol.ac.uk</to><to>cceajjshen@gmail.com</to><subject>Journal of the Royal Society Interface - Decision on Manuscript ID rsif-2024-0148.R3</subject><body>26-Jul-2024&lt;br /&gt;&lt;br /&gt;Dear Dr Shen:&lt;br /&gt;&lt;br /&gt;I am pleased to inform you that your manuscript entitled "A rapid-response soft end effector inspired by the hummingbird beak" has been accepted in its final form for publication in Journal of the Royal Society Interface.&lt;br /&gt;&lt;br /&gt;Our Production Office will be in contact with you in due course.&lt;br /&gt;&lt;br /&gt;OPEN ACCESS&lt;br /&gt;&lt;br /&gt;If you have opted for Open Access you may be contacted by Copyright Clearance Centre / RightsLink with regards to payment details.&lt;br /&gt;&lt;br /&gt;&lt;br /&gt;Thank you for your contribution and on behalf of the Editor of J. R. Soc. Interface we look forward to your continued contributions to the Journal.&lt;br /&gt;&lt;br /&gt;Best wishes,&lt;br /&gt;&lt;br /&gt;Tim Holt&lt;br /&gt;&lt;br /&gt;* * * * * * * * * * * * *&lt;br /&gt;Dr TJP Holt&lt;br /&gt;Publishing Editor - Journal of the Royal Society Interface&lt;br /&gt;&lt;br /&gt;tel     +44 (0) 20 7451 2649&lt;br /&gt;fax     +44 (0) 20 7976 1837&lt;br /&gt;web   http://publishing.royalsociety.org/interface&lt;br /&gt;&lt;br /&gt;The Royal Society&lt;br /&gt;6-9 Carlton House Terrace&lt;br /&gt;London SW1Y 5AG&lt;br /&gt;&lt;br /&gt;Registered Charity No 207043&lt;br /&gt;The Royal Society - excellence in science&lt;br /&gt;&lt;br /&gt;&lt;br /&gt; </body></email_sent><email_sent><send_date><year>2024</year><month>07</month><day>26</day><hour>16</hour><minute>51</minute><second>33</second><time_zone>(GMT-05:00) Eastern Time (US &amp; Canada)</time_zone></send_date><to>rs@publishingatwork.com</to><subject>Manuscript ID rsif-2024-0148.R3 has been exported via e-mail - Journal of the Royal Society Interface</subject><body>26-Jul-2024&lt;br /&gt;&lt;br /&gt;Dear (Person not available):&lt;br /&gt;&lt;br /&gt;Attached is manuscript ID rsif-2024-0148.R3.&lt;br /&gt;&lt;br /&gt;&lt;br /&gt;Manuscript ID: rsif-2024-0148.R3&lt;br /&gt;&lt;br /&gt;Manuscript Type:&lt;br /&gt;&lt;br /&gt;Manuscript Title: A rapid-response soft end effector inspired by the hummingbird beak&lt;br /&gt;&lt;br /&gt;Corresponding Author: Dr Jiajia Shen&lt;br /&gt;&lt;br /&gt;Submitting Author Contact Information: Dr Shen, Jiajia &lt;br /&gt;BCI main office &lt;br /&gt;Queens Building&lt;br /&gt;Bristol&lt;br /&gt;BS8 1QU&lt;br /&gt;&lt;br /&gt;Submitted Date: 16-Jul-2024&lt;br /&gt;&lt;br /&gt;Revised Date (if applicable): 11-May-2024; 03-Jul-2024; 16-Jul-2024&lt;br /&gt;&lt;br /&gt;Accepted Date: 26-Jul-2024&lt;br /&gt;&lt;br /&gt;All Author(s): Shen, Jiajia; Garrad, Martin; Zhang, Qicheng; Wong, Vico; Pirrera, Alberto; Groh, Rainer Maria&lt;br /&gt;&lt;br /&gt;All Author(s) E-mail: j.shen@bristol.ac.uk, cceajjshen@gmail.com, m.garrad@bristol.ac.uk, qicheng.zhang@bristol.ac.uk, vico-wong@outlook.com, alberto.pirrera@bristol.ac.uk, rainer.groh@bristol.ac.uk&lt;br /&gt;&lt;br /&gt;&lt;br /&gt;Yours sincerely,&lt;br /&gt;&lt;br /&gt;Dr Tim Holt, Senior Publishing Editor&lt;br /&gt;interface@royalsociety.org&lt;br /&gt;Journal of the Royal Society Interface</body><email_file file_originalname="rsif-2024-0148-20240726165124.zip"/></email_sent><email_sent><send_date><year>2024</year><month>07</month><day>26</day><hour>16</hour><minute>51</minute><second>33</second><time_zone>(GMT-05:00) Eastern Time (US &amp; Canada)</time_zone></send_date><to>rs@kriyadocs.com</to><to>jobs.rs@exeterpremedia.com</to><to>interface_final@royalsociety.org</to><subject>Batch ‘RS to PAW’ for Journal of the Royal Society Interface has exported successfully.</subject><body>Manuscript ID: rsif-2024-0148.R3&lt;br /&gt;&lt;br /&gt;&lt;br /&gt;Dear Dr Tim Holt, Senior Publishing Editor:&lt;br /&gt;&lt;br /&gt;Manuscripts accepted for publication in Journal of the Royal Society Interface have been exported to an FTP site via batch export 'RS to PAW'.  Please go to the FTP site to retrieve the manuscript files and initiate the production process.&lt;br /&gt;&lt;br /&gt;Sincerely,&lt;br /&gt;Dr Tim Holt, Senior Publishing Editor&lt;br /&gt;interface@royalsociety.org&lt;br /&gt;Journal of the Royal Society Interface</body></email_sent></email_list><user_list><user contact="false" is_staff="false" submitter="false" submitting_agent="false" user_id="113099165"><salutation>Dr</salutation><first_name>Mingchao</first_name><middle_name/><last_name>Liu</last_name><suffix/><degree/><email addr_type="primary">m.liu.2@bham.ac.uk</email><comments/><orcid>0000-0001-7424-4794</orcid><orcid_id_validation>TRUE</orcid_id_validation><orcid_token_type>bearer</orcid_token_type><orcid_token_scope>[/authenticate, /read-limited, /activities/update, /person/update]</orcid_token_scope><orcid_token_expires_in>631138518</orcid_token_expires_in><affiliation seq="1"><inst>University of Birmingham</inst><institution_id institution_id_type="Ringgold">1724</institution_id><dept>Mechanical Engineering</dept><person_title/><room/><addr1/><addr2/><addr3/><city>Birmingham</city><province/><country country_code="GB">United Kingdom of Great Britain and Northern Ireland</country><post_code>B15 2TT</post_code><phone/><fax/></affiliation><current_profile_affiliation><inst>University of Birmingham</inst><institution_id institution_id_type="Ringgold">1724</institution_id><dept>Mechanical Engineering</dept><person_title/><room/><addr1/><addr2/><addr3/><city>Birmingham</city><province/><country country_code="GB">United Kingdom of Great Britain and Northern Ireland</country><post_code>B15 2TT</post_code><phone/><fax/></current_profile_affiliation><galleyDeliveryType/></user><user contact="false" is_staff="false" submitter="false" submitting_agent="false" user_id="72684502"><salutation>Professor</salutation><first_name>Jie</first_name><middle_name/><last_name>Yin</last_name><suffix/><degree>Ph.D.</degree><email addr_type="primary">jyin8@ncsu.edu</email><comments/><orcid>0000-0002-6297-1262</orcid><orcid_id_validation>TRUE</orcid_id_validation><orcid_token_type>bearer</orcid_token_type><orcid_token_scope>[/authenticate, /read-limited, /activities/update, /person/update]</orcid_token_scope><orcid_token_expires_in>631138518</orcid_token_expires_in><affiliation seq="1"><inst>North Carolina State University</inst><institution_id institution_id_type="Ringgold">6798</institution_id><dept>Department of Mechanical and Aerospace Engineering</dept><person_title/><room/><addr1/><addr2/><addr3/><city>Raleigh</city><state>North Carolina</state><country country_code="US">United States</country><post_code>27695</post_code><phone/><fax/></affiliation><current_profile_affiliation><inst>North Carolina State University</inst><institution_id institution_id_type="Ringgold">6798</institution_id><dept>Department of Mechanical and Aerospace Engineering</dept><person_title/><room/><addr1/><addr2/><addr3/><city>Raleigh</city><state>North Carolina</state><country country_code="US">United States</country><post_code>27695</post_code><phone/><fax/></current_profile_affiliation><galleyDeliveryType/></user><user contact="false" is_staff="false" submitter="false" submitting_agent="false" user_id="6915503"><salutation>Dr</salutation><first_name>Tim</first_name><middle_name/><last_name>Holt</last_name><suffix/><degree/><email addr_type="primary">tim.holt@royalsociety.org</email><attr_type id="7097" name="Subject Areas"><attribute id="13372308" name="CROSS-DISCIPLINARY SCIENCES"/><attribute id="13372309" name="Astrobiology" parent_id="13372308">selected</attribute></attr_type><attr_type id="7274" name="Keywords"><attribute id="70321666" name="royal">selected</attribute><attribute id="70321667" name="society">selected</attribute><attribute id="70321668" name="publishing">selected</attribute></attr_type><comments/><orcid>0000-0002-3011-6894</orcid><orcid_id_validation>TRUE</orcid_id_validation><orcid_token_type>bearer</orcid_token_type><orcid_token_scope>[/authenticate, /orcid-profile/read-limited, /orcid-bio/update, /activities/update]</orcid_token_scope><orcid_token_expires_in>631138518</orcid_token_expires_in><affiliation seq="1"><inst>Royal Society</inst><dept>Royal Society</dept><person_title/><room/><addr1>6 carlton house terrace</addr1><addr2/><addr3/><city>london</city><province/><country country_code="GB">United Kingdom of Great Britain and Northern Ireland</country><post_code>sw1y 5ag</post_code><phone>020724512649</phone><fax/></affiliation><affiliation seq="2"><inst/><dept> </dept><person_title/><room/><addr1/><addr2/><addr3/><city/><province/><country country_code="GB">United Kingdom of Great Britain and Northern Ireland</country><post_code/><phone/><fax/></affiliation><current_profile_affiliation><inst>Royal Society</inst><dept>Royal Society</dept><person_title/><room/><addr1>6 carlton house terrace</addr1><addr2/><addr3/><city>london</city><province/><country country_code="GB">United Kingdom of Great Britain and Northern Ireland</country><post_code>sw1y 5ag</post_code><phone>020724512649</phone><fax/></current_profile_affiliation><galleyDeliveryType/></user><user contact="false" is_staff="false" submitter="false" submitting_agent="false" user_id="74742995"><salutation>Miss</salutation><first_name>Jessica</first_name><middle_name>Clare</middle_name><last_name>Miller</last_name><suffix/><degree/><email addr_type="primary">Jessica.Miller@royalsociety.org</email><comments/><orcid>0000-0001-9938-2712</orcid><orcid_id_validation>TRUE</orcid_id_validation><orcid_token_type>bearer</orcid_token_type><orcid_token_scope>[/authenticate, /read-limited, /activities/update, /person/update]</orcid_token_scope><orcid_token_expires_in>631138518</orcid_token_expires_in><affiliation seq="1"><inst>The Royal Society</inst><institution_id institution_id_type="Ringgold">61565</institution_id><dept/><person_title/><room/><addr1/><addr2/><addr3/><city>London</city><province/><country country_code="GB">United Kingdom of Great Britain and Northern Ireland</country><post_code>SW1Y 5AG</post_code><phone/><fax/></affiliation><current_profile_affiliation><inst>The Royal Society</inst><institution_id institution_id_type="Ringgold">61565</institution_id><dept/><person_title/><room/><addr1/><addr2/><addr3/><city>London</city><province/><country country_code="GB">United Kingdom of Great Britain and Northern Ireland</country><post_code>SW1Y 5AG</post_code><phone/><fax/></current_profile_affiliation><galleyDeliveryType/></user><user contact="false" is_staff="false" submitter="false" submitting_agent="false" user_id="55593656"><salutation>Dr</salutation><first_name>Alberto</first_name><middle_name/><last_name>Pirrera</last_name><suffix/><degree/><email addr_type="primary">alberto.pirrera@bristol.ac.uk</email><comments/><orcid>0000-0003-3867-3916</orcid><orcid_id_validation>TRUE</orcid_id_validation><orcid_token_type>bearer</orcid_token_type><orcid_token_scope>[/authenticate, /orcid-profile/read-limited, /orcid-bio/update, /activities/update]</orcid_token_scope><orcid_token_expires_in>631138518</orcid_token_expires_in><affiliation seq="1"><inst>University of Bristol Department of Aerospace Engineering</inst><institution_id institution_id_type="Ringgold">152319</institution_id><dept>Aerospace Engineering</dept><person_title/><room/><addr1>Bristol Composites Institute, Queen's Building</addr1><addr2>University Walk</addr2><addr3/><city>Bristol</city><province/><country country_code="GB">United Kingdom of Great Britain and Northern Ireland</country><post_code>BS8 1TR</post_code><phone/><fax/></affiliation><affiliation seq="2"><inst/><dept> </dept><person_title/><room/><addr1/><addr2/><addr3/><city/><province/><country country_code="GB">United Kingdom of Great Britain and Northern Ireland</country><post_code/><phone/><fax/></affiliation><current_profile_affiliation><inst>University of Bristol Department of Aerospace Engineering</inst><institution_id institution_id_type="Ringgold">152319</institution_id><dept>Aerospace Engineering</dept><person_title/><room/><addr1>Bristol Composites Institute, Queen's Building</addr1><addr2>University Walk</addr2><addr3/><city>Bristol</city><province/><country country_code="GB">United Kingdom of Great Britain and Northern Ireland</country><post_code>BS8 1TR</post_code><phone/><fax/></current_profile_affiliation><galleyDeliveryType/></user><user contact="false" is_staff="false" submitter="false" submitting_agent="false" user_id="49471134"><salutation>Dr</salutation><first_name>Rainer Maria</first_name><middle_name>Johannes</middle_name><last_name>Groh</last_name><suffix/><degree>PhD</degree><email addr_type="primary">rainer.groh@bristol.ac.uk</email><comments/><orcid>0000-0001-5031-7493</orcid><orcid_id_validation>TRUE</orcid_id_validation><orcid_token_type>bearer</orcid_token_type><orcid_token_scope>[/authenticate, /orcid-profile/read-limited, /orcid-bio/update, /activities/update]</orcid_token_scope><orcid_token_expires_in>631138518</orcid_token_expires_in><affiliation seq="1"><inst>University of Bristol</inst><institution_id institution_id_type="Ringgold">1980</institution_id><dept>Aerospace Engineering</dept><person_title/><room/><addr1>University Walk</addr1><addr2>Queen's Building</addr2><addr3/><city>Bristol</city><province/><country country_code="GB">United Kingdom of Great Britain and Northern Ireland</country><post_code>BS8 1TR</post_code><phone/><fax/></affiliation><current_profile_affiliation><inst>University of Bristol</inst><institution_id institution_id_type="Ringgold">1980</institution_id><dept>Aerospace Engineering</dept><person_title/><room/><addr1>University Walk</addr1><addr2>Queen's Building</addr2><addr3/><city>Bristol</city><province/><country country_code="GB">United Kingdom of Great Britain and Northern Ireland</country><post_code>BS8 1TR</post_code><phone/><fax/></current_profile_affiliation><galleyDeliveryType/></user><user contact="true" is_staff="false" submitter="true" submitting_agent="false" user_id="93140323"><salutation>Dr</salutation><first_name>Jiajia</first_name><middle_name/><last_name>Shen</last_name><suffix/><degree/><email addr_type="primary">j.shen@bristol.ac.uk</email><email addr_type="secondary">cceajjshen@gmail.com</email><comments/><orcid>0000-0003-2763-1147</orcid><orcid_id_validation>TRUE</orcid_id_validation><orcid_token_type>bearer</orcid_token_type><orcid_token_scope>[/authenticate, /read-limited, /activities/update, /person/update]</orcid_token_scope><orcid_token_expires_in>631138518</orcid_token_expires_in><affiliation seq="1"><inst>University of Bristol</inst><institution_id institution_id_type="Ringgold">1980</institution_id><dept>Aerospace Engineering</dept><person_title/><room/><addr1>BCI main office </addr1><addr2>Queens Building</addr2><addr3/><city>Bristol</city><province/><country country_code="GB">United Kingdom of Great Britain and Northern Ireland</country><post_code>BS8 1QU</post_code><phone/><fax/></affiliation><current_profile_affiliation><inst>University of Bristol</inst><institution_id institution_id_type="Ringgold">1980</institution_id><dept>Aerospace Engineering</dept><person_title/><room/><addr1>BCI main office </addr1><addr2>Queens Building</addr2><addr3/><city>Bristol</city><province/><country country_code="GB">United Kingdom of Great Britain and Northern Ireland</country><post_code>BS8 1QU</post_code><phone/><fax/></current_profile_affiliation><galleyDeliveryType/></user><user contact="false" is_staff="false" submitter="false" submitting_agent="false" user_id="117138708"><salutation>Dr</salutation><first_name>Qicheng</first_name><middle_name/><last_name>Zhang</last_name><suffix/><degree/><email addr_type="primary">qicheng.zhang@bristol.ac.uk</email><comments/><affiliation seq="1"><inst>University of Bristol</inst><institution_id institution_id_type="Ringgold">1980</institution_id><dept/><person_title/><room/><addr1/><addr2/><addr3/><city>Bristol</city><province/><country country_code="GB">United Kingdom of Great Britain and Northern Ireland</country><post_code/><phone/><fax/></affiliation><current_profile_affiliation><inst>University of Bristol</inst><institution_id institution_id_type="Ringgold">1980</institution_id><dept/><person_title/><room/><addr1/><addr2/><addr3/><city>Bristol</city><province/><country country_code="GB">United Kingdom of Great Britain and Northern Ireland</country><post_code/><phone/><fax/></current_profile_affiliation><galleyDeliveryType/></user><user contact="false" is_staff="false" submitter="false" submitting_agent="false" user_id="117138857"><salutation>Mr</salutation><first_name>Vico</first_name><middle_name>Chun Hei</middle_name><last_name>Wong</last_name><suffix/><degree>MSc</degree><email addr_type="primary">vico-wong@outlook.com</email><attr_type id="7257" name="We very occasionally send relevant emails relating to the Royal Society and/or its journal content. If you do not wish to receive this email content, please indicate that preference here."><attribute id="7702581" name="No, thank you.">selected</attribute></attr_type><attr_type id="7097" name="Subject Areas"><attribute id="13372308" name="CROSS-DISCIPLINARY SCIENCES"/><attribute id="13372315" name="Bioengineering" parent_id="13372308">selected</attribute><attribute id="13372308" name="CROSS-DISCIPLINARY SCIENCES"/><attribute id="20314315" name="Biomechanics" parent_id="13372308">selected</attribute></attr_type><comments/><affiliation seq="1"><inst>University of Bristol</inst><institution_id institution_id_type="Ringgold">1980</institution_id><dept>Aerospace Engineering</dept><person_title/><room/><addr1/><addr2/><addr3/><city>Bristol</city><province/><country country_code="GB">United Kingdom of Great Britain and Northern Ireland</country><post_code/><phone/><fax/></affiliation><affiliation seq="2"><inst>Imperial College London Faculty of Engineering</inst><institution_id institution_id_type="Ringgold">120731</institution_id><dept> Bioengineering</dept><person_title/><room/><addr1/><addr2/><addr3/><city>London</city><province/><country country_code="GB">United Kingdom of Great Britain and Northern Ireland</country><post_code>SW7 2AZ</post_code><phone/><fax/></affiliation><current_profile_affiliation><inst>University of Bristol</inst><institution_id institution_id_type="Ringgold">1980</institution_id><dept>Aerospace Engineering</dept><person_title/><room/><addr1/><addr2/><addr3/><city>Bristol</city><province/><country country_code="GB">United Kingdom of Great Britain and Northern Ireland</country><post_code/><phone/><fax/></current_profile_affiliation><galleyDeliveryType/></user><user contact="false" is_staff="false" submitter="false" submitting_agent="false" user_id="117138636"><salutation>Dr</salutation><first_name>Martin</first_name><middle_name/><last_name>Garrad</last_name><suffix/><degree/><email addr_type="primary">m.garrad@bristol.ac.uk</email><comments/><affiliation seq="1"><inst>University of Bristol</inst><institution_id institution_id_type="Ringgold">1980</institution_id><dept>School of Engineering Mathematics and Technology</dept><person_title/><room/><addr1/><addr2/><addr3/><city>Bristol</city><province/><country country_code="GB">United Kingdom of Great Britain and Northern Ireland</country><post_code/><phone/><fax/></affiliation><current_profile_affiliation><inst>University of Bristol</inst><institution_id institution_id_type="Ringgold">1980</institution_id><dept>School of Engineering Mathematics and Technology</dept><person_title/><room/><addr1/><addr2/><addr3/><city>Bristol</city><province/><country country_code="GB">United Kingdom of Great Britain and Northern Ireland</country><post_code/><phone/><fax/></current_profile_affiliation><galleyDeliveryType/></user><user contact="false" is_staff="false" submitter="false" submitting_agent="false" user_id="61926539"><salutation>Professor</salutation><first_name>Pedro M</first_name><middle_name/><last_name>Reis</last_name><suffix/><degree/><email addr_type="primary">pedro.reis@epfl.ch</email><comments/><orcid>0000-0003-3984-828X</orcid><orcid_id_validation>TRUE</orcid_id_validation><orcid_token_type>bearer</orcid_token_type><orcid_token_scope>[/authenticate, /read-limited, /activities/update, /person/update]</orcid_token_scope><orcid_token_expires_in>631138518</orcid_token_expires_in><affiliation seq="1"><inst>EPFL</inst><institution_id institution_id_type="Ringgold">27218</institution_id><dept>Institute of Mechanical Engineering</dept><person_title/><room/><addr1>ME D0 1226</addr1><addr2>Batiment MED</addr2><addr3>Station 9</addr3><city>Lausanne</city><state>VD</state><country country_code="CH">Switzerland</country><post_code>1015</post_code><phone/><fax/></affiliation><current_profile_affiliation><inst>EPFL</inst><institution_id institution_id_type="Ringgold">27218</institution_id><dept>Institute of Mechanical Engineering</dept><person_title/><room/><addr1>ME D0 1226</addr1><addr2>Batiment MED</addr2><addr3>Station 9</addr3><city>Lausanne</city><state>VD</state><country country_code="CH">Switzerland</country><post_code>1015</post_code><phone/><fax/></current_profile_affiliation><galleyDeliveryType/></user><user contact="false" is_staff="false" submitter="false" submitting_agent="false" user_id="5973317"><salutation>Dr</salutation><first_name>M. Ahmer</first_name><middle_name/><last_name>Wadee</last_name><suffix/><degree>BEng MSc PhD</degree><email addr_type="primary">a.wadee@imperial.ac.uk</email><email addr_type="secondary">ahmer.wadee@gmail.com</email><attr_type id="7274" name="Keywords"><attribute id="7876967" name="Structural mechanics">selected</attribute><attribute id="7876968" name="Nonlinear dynamics">selected</attribute><attribute id="7876969" name="Stability">selected</attribute></attr_type><comments/><orcid>0000-0001-6025-0587</orcid><orcid_id_validation>TRUE</orcid_id_validation><orcid_token_type>bearer</orcid_token_type><orcid_token_scope>[/authenticate, /orcid-profile/read-limited, /orcid-bio/update, /activities/update]</orcid_token_scope><orcid_token_expires_in>631138518</orcid_token_expires_in><affiliation seq="1"><inst>Imperial College London</inst><dept>Civil and Environmental Engineering</dept><person_title/><room/><addr1>Skempton Building</addr1><addr2>South Kensington Campus</addr2><addr3/><city>London</city><province/><country country_code="GB">United Kingdom of Great Britain and Northern Ireland</country><post_code>SW7 2AZ</post_code><phone>+44 20 7594 6050</phone><fax>+44 20 7594 5934</fax></affiliation><current_profile_affiliation><inst>Imperial College London</inst><dept>Civil and Environmental Engineering</dept><person_title/><room/><addr1>Skempton Building</addr1><addr2>South Kensington Campus</addr2><addr3/><city>London</city><province/><country country_code="GB">United Kingdom of Great Britain and Northern Ireland</country><post_code>SW7 2AZ</post_code><phone>+44 20 7594 6050</phone><fax>+44 20 7594 5934</fax></current_profile_affiliation><galleyDeliveryType/></user></user_list><fundref_information><no_funders>False</no_funders><funder><preferred_label>Royal Academy of Engineering</preferred_label><concept_id>http://dx.doi.org/10.13039/501100000287</concept_id><grant_number>RF\201718\17178</grant_number></funder><funder><preferred_label>Leverhulme Trust</preferred_label><concept_id>http://dx.doi.org/10.13039/501100000275</concept_id><grant_number>Philip Leverhulme Prize</grant_number></funder></fundref_information><conversations/><publication_model>Open Access</publication_model></article></article_set>